Feature,Feature,Feature,Feature,Feature,Feature,Feature,Feature,Feature,Feature,Feature,Feature,Feature,Feature,Feature,Feature,Feature,Feature,Feature,Feature,Feature,Feature,Label
cap-shape,cap-surface,cap-color,bruises,odor,gill-attachment,gill-spacing,gill-size,gill-color,stalk-shape,stalk-root,stalk-surface-above-ring,stalk-surface-below-ring,stalk-color-above-ring,stalk-color-below-ring,veil-type,veil-color,ring-number,ring-type,spore-print-color,population,habitat,classes
convex,smooth,brown,yes,pungent,free,close,narrow,black,enlarging,equal,smooth,smooth,white,white,partial,white,one,pendant,black,scattered,urban,poisonuos
convex,smooth,yellow,yes,almond,free,close,broad,black,enlarging,club,smooth,smooth,white,white,partial,white,one,pendant,brown,numerous,grasses,edible
bell,smooth,white,yes,anise,free,close,broad,brown,enlarging,club,smooth,smooth,white,white,partial,white,one,pendant,brown,numerous,meadows,edible
convex,scaly,white,yes,pungent,free,close,narrow,brown,enlarging,equal,smooth,smooth,white,white,partial,white,one,pendant,black,scattered,urban,poisonuos
convex,smooth,gray,no,none,free,crowded,broad,black,tapering,equal,smooth,smooth,white,white,partial,white,one,evanescent,brown,abundant,grasses,edible
convex,scaly,yellow,yes,almond,free,close,broad,brown,enlarging,club,smooth,smooth,white,white,partial,white,one,pendant,black,numerous,grasses,edible
bell,smooth,white,yes,almond,free,close,broad,gray,enlarging,club,smooth,smooth,white,white,partial,white,one,pendant,black,numerous,meadows,edible
bell,scaly,white,yes,anise,free,close,broad,brown,enlarging,club,smooth,smooth,white,white,partial,white,one,pendant,brown,scattered,meadows,edible
convex,scaly,white,yes,pungent,free,close,narrow,pink,enlarging,equal,smooth,smooth,white,white,partial,white,one,pendant,black,several,grasses,poisonuos
bell,smooth,yellow,yes,almond,free,close,broad,gray,enlarging,club,smooth,smooth,white,white,partial,white,one,pendant,black,scattered,meadows,edible
convex,scaly,yellow,yes,anise,free,close,broad,gray,enlarging,club,smooth,smooth,white,white,partial,white,one,pendant,brown,numerous,grasses,edible
convex,scaly,yellow,yes,almond,free,close,broad,brown,enlarging,club,smooth,smooth,white,white,partial,white,one,pendant,black,scattered,meadows,edible
bell,smooth,yellow,yes,almond,free,close,broad,white,enlarging,club,smooth,smooth,white,white,partial,white,one,pendant,brown,scattered,grasses,edible
convex,scaly,white,yes,pungent,free,close,narrow,black,enlarging,equal,smooth,smooth,white,white,partial,white,one,pendant,brown,several,urban,poisonuos
convex,fibrous,brown,no,none,free,crowded,broad,brown,tapering,equal,smooth,fibrous,white,white,partial,white,one,evanescent,black,abundant,grasses,edible
sunken,fibrous,gray,no,none,free,close,narrow,black,enlarging,equal,smooth,smooth,white,white,partial,white,one,pendant,brown,solitary,urban,edible
flat,fibrous,white,no,none,free,crowded,broad,black,tapering,equal,smooth,smooth,white,white,partial,white,one,evanescent,brown,abundant,grasses,edible
convex,smooth,brown,yes,pungent,free,close,narrow,brown,enlarging,equal,smooth,smooth,white,white,partial,white,one,pendant,black,scattered,grasses,poisonuos
convex,scaly,white,yes,pungent,free,close,narrow,brown,enlarging,equal,smooth,smooth,white,white,partial,white,one,pendant,brown,scattered,urban,poisonuos
convex,smooth,brown,yes,pungent,free,close,narrow,black,enlarging,equal,smooth,smooth,white,white,partial,white,one,pendant,brown,scattered,urban,poisonuos
bell,smooth,yellow,yes,almond,free,close,broad,black,enlarging,club,smooth,smooth,white,white,partial,white,one,pendant,brown,scattered,meadows,edible
convex,scaly,brown,yes,pungent,free,close,narrow,brown,enlarging,equal,smooth,smooth,white,white,partial,white,one,pendant,brown,several,grasses,poisonuos
bell,scaly,yellow,yes,anise,free,close,broad,black,enlarging,club,smooth,smooth,white,white,partial,white,one,pendant,brown,scattered,meadows,edible
bell,scaly,white,yes,almond,free,close,broad,white,enlarging,club,smooth,smooth,white,white,partial,white,one,pendant,brown,numerous,meadows,edible
bell,smooth,white,yes,anise,free,close,broad,gray,enlarging,club,smooth,smooth,white,white,partial,white,one,pendant,black,scattered,meadows,edible
flat,smooth,white,yes,pungent,free,close,narrow,brown,enlarging,equal,smooth,smooth,white,white,partial,white,one,pendant,brown,several,grasses,poisonuos
convex,scaly,yellow,yes,almond,free,close,broad,brown,enlarging,club,smooth,smooth,white,white,partial,white,one,pendant,brown,numerous,meadows,edible
convex,scaly,white,yes,anise,free,close,broad,white,enlarging,club,smooth,smooth,white,white,partial,white,one,pendant,brown,numerous,meadows,edible
flat,fibrous,brown,no,none,free,close,narrow,black,enlarging,equal,smooth,smooth,white,white,partial,white,one,pendant,black,solitary,urban,edible
convex,smooth,yellow,yes,almond,free,crowded,narrow,brown,tapering,bulbous,smooth,smooth,white,white,partial,white,one,pendant,brown,several,woods,edible
bell,smooth,yellow,yes,anise,free,close,broad,gray,enlarging,club,smooth,smooth,white,white,partial,white,one,pendant,brown,numerous,meadows,edible
convex,scaly,white,yes,pungent,free,close,narrow,black,enlarging,equal,smooth,smooth,white,white,partial,white,one,pendant,brown,scattered,urban,poisonuos
convex,scaly,yellow,yes,anise,free,close,broad,brown,enlarging,club,smooth,smooth,white,white,partial,white,one,pendant,brown,numerous,meadows,edible
convex,scaly,brown,yes,anise,free,close,broad,pink,enlarging,rooted,smooth,scaly,white,white,partial,white,one,pendant,brown,solitary,paths,edible
bell,scaly,yellow,yes,anise,free,close,broad,brown,enlarging,club,smooth,smooth,white,white,partial,white,one,pendant,brown,scattered,meadows,edible
convex,fibrous,yellow,yes,anise,free,crowded,narrow,white,tapering,bulbous,smooth,smooth,white,white,partial,white,one,pendant,brown,several,woods,edible
sunken,fibrous,gray,no,none,free,close,narrow,black,enlarging,equal,smooth,smooth,white,white,partial,white,one,pendant,black,several,urban,edible
convex,scaly,brown,yes,pungent,free,close,narrow,white,enlarging,equal,smooth,smooth,white,white,partial,white,one,pendant,brown,scattered,urban,poisonuos
convex,fibrous,yellow,yes,almond,free,crowded,narrow,pink,tapering,bulbous,smooth,smooth,white,white,partial,white,one,pendant,brown,several,woods,edible
bell,smooth,yellow,yes,anise,free,close,broad,black,enlarging,club,smooth,smooth,white,white,partial,white,one,pendant,black,scattered,meadows,edible
bell,scaly,yellow,yes,almond,free,close,broad,brown,enlarging,club,smooth,smooth,white,white,partial,white,one,pendant,brown,scattered,grasses,edible
convex,scaly,yellow,yes,anise,free,close,broad,brown,enlarging,rooted,smooth,scaly,white,white,partial,white,one,pendant,black,solitary,paths,edible
convex,fibrous,brown,no,none,free,close,narrow,gray,enlarging,equal,smooth,smooth,white,white,partial,white,one,pendant,black,solitary,urban,edible
convex,scaly,white,yes,pungent,free,close,narrow,pink,enlarging,equal,smooth,smooth,white,white,partial,white,one,pendant,brown,several,grasses,poisonuos
convex,smooth,yellow,yes,almond,free,close,broad,white,enlarging,club,smooth,smooth,white,white,partial,white,one,pendant,black,numerous,meadows,edible
convex,scaly,white,yes,almond,free,close,broad,brown,enlarging,club,smooth,smooth,white,white,partial,white,one,pendant,brown,numerous,grasses,edible
convex,scaly,yellow,yes,anise,free,close,broad,black,enlarging,club,smooth,smooth,white,white,partial,white,one,pendant,black,scattered,meadows,edible
convex,smooth,white,yes,anise,free,close,broad,white,enlarging,club,smooth,smooth,white,white,partial,white,one,pendant,brown,numerous,meadows,edible
convex,scaly,yellow,yes,anise,free,close,broad,brown,enlarging,rooted,smooth,scaly,white,white,partial,white,one,pendant,brown,scattered,paths,edible
flat,scaly,yellow,yes,anise,free,close,broad,white,enlarging,rooted,smooth,scaly,white,white,partial,white,one,pendant,black,scattered,paths,edible
convex,scaly,brown,yes,almond,free,close,broad,white,enlarging,rooted,smooth,scaly,white,white,partial,white,one,pendant,black,scattered,grasses,edible
convex,smooth,white,yes,anise,free,close,broad,black,enlarging,club,smooth,smooth,white,white,partial,white,one,pendant,black,scattered,grasses,edible
bell,smooth,white,yes,anise,free,close,broad,black,enlarging,club,smooth,smooth,white,white,partial,white,one,pendant,brown,numerous,meadows,edible
convex,scaly,brown,yes,pungent,free,close,narrow,black,enlarging,equal,smooth,smooth,white,white,partial,white,one,pendant,brown,several,urban,poisonuos
convex,smooth,white,yes,pungent,free,close,narrow,black,enlarging,equal,smooth,smooth,white,white,partial,white,one,pendant,black,several,urban,poisonuos
bell,scaly,yellow,yes,almond,free,close,broad,white,enlarging,club,smooth,smooth,white,white,partial,white,one,pendant,black,scattered,meadows,edible
flat,fibrous,gray,no,none,free,crowded,broad,brown,tapering,equal,smooth,smooth,white,white,partial,white,one,evanescent,brown,abundant,grasses,edible
bell,smooth,white,yes,almond,free,close,broad,white,enlarging,club,smooth,smooth,white,white,partial,white,one,pendant,brown,numerous,grasses,edible
convex,smooth,yellow,yes,anise,free,close,broad,black,enlarging,club,smooth,smooth,white,white,partial,white,one,pendant,black,numerous,grasses,edible
convex,scaly,brown,yes,almond,free,close,broad,pink,enlarging,rooted,smooth,scaly,white,white,partial,white,one,pendant,black,solitary,paths,edible
sunken,fibrous,gray,no,none,free,close,narrow,black,enlarging,equal,smooth,smooth,white,white,partial,white,one,pendant,brown,several,urban,edible
bell,scaly,yellow,yes,almond,free,close,broad,black,enlarging,club,smooth,smooth,white,white,partial,white,one,pendant,brown,scattered,meadows,edible
bell,smooth,yellow,yes,anise,free,close,broad,gray,enlarging,club,smooth,smooth,white,white,partial,white,one,pendant,brown,scattered,meadows,edible
bell,scaly,yellow,yes,anise,free,close,broad,gray,enlarging,club,smooth,smooth,white,white,partial,white,one,pendant,brown,numerous,meadows,edible
bell,scaly,white,yes,anise,free,close,broad,brown,enlarging,club,smooth,smooth,white,white,partial,white,one,pendant,brown,scattered,grasses,edible
flat,smooth,brown,no,none,free,crowded,broad,black,tapering,equal,smooth,smooth,white,white,partial,white,one,evanescent,black,abundant,grasses,edible
convex,smooth,white,yes,anise,free,close,broad,brown,enlarging,club,smooth,smooth,white,white,partial,white,one,pendant,black,scattered,grasses,edible
flat,scaly,yellow,yes,almond,free,close,broad,white,enlarging,rooted,smooth,scaly,white,white,partial,white,one,pendant,brown,scattered,grasses,edible
convex,scaly,yellow,yes,almond,free,close,broad,white,enlarging,club,smooth,smooth,white,white,partial,white,one,pendant,black,numerous,grasses,edible
convex,fibrous,gray,no,none,free,close,narrow,pink,enlarging,equal,smooth,smooth,white,white,partial,white,one,pendant,brown,several,urban,edible
flat,fibrous,yellow,yes,anise,free,crowded,narrow,pink,tapering,bulbous,smooth,smooth,white,white,partial,white,one,pendant,brown,several,woods,edible
bell,scaly,white,yes,anise,free,close,broad,gray,enlarging,club,smooth,smooth,white,white,partial,white,one,pendant,brown,scattered,meadows,edible
flat,fibrous,yellow,yes,anise,free,crowded,narrow,white,tapering,bulbous,smooth,smooth,white,white,partial,white,one,pendant,brown,several,woods,edible
convex,scaly,brown,yes,almond,free,close,broad,pink,enlarging,rooted,smooth,scaly,white,white,partial,white,one,pendant,black,scattered,paths,edible
bell,smooth,yellow,yes,almond,free,close,broad,black,enlarging,club,smooth,smooth,white,white,partial,white,one,pendant,black,scattered,grasses,edible
flat,smooth,yellow,yes,anise,free,crowded,narrow,pink,tapering,bulbous,smooth,smooth,white,white,partial,white,one,pendant,brown,several,woods,edible
convex,smooth,white,yes,anise,free,crowded,narrow,brown,tapering,bulbous,smooth,smooth,white,white,partial,white,one,pendant,purple,several,woods,edible
flat,scaly,brown,yes,anise,free,close,broad,pink,enlarging,rooted,smooth,scaly,white,white,partial,white,one,pendant,brown,solitary,paths,edible
convex,scaly,brown,yes,pungent,free,close,narrow,white,enlarging,equal,smooth,smooth,white,white,partial,white,one,pendant,brown,several,urban,poisonuos
flat,scaly,brown,yes,almond,free,close,broad,brown,enlarging,rooted,smooth,scaly,white,white,partial,white,one,pendant,brown,solitary,grasses,edible
convex,smooth,brown,no,none,free,crowded,broad,black,tapering,equal,fibrous,smooth,white,white,partial,white,one,evanescent,brown,scattered,grasses,edible
convex,scaly,white,yes,pungent,free,close,narrow,white,enlarging,equal,smooth,smooth,white,white,partial,white,one,pendant,black,scattered,grasses,poisonuos
flat,fibrous,gray,no,none,free,close,narrow,brown,enlarging,equal,smooth,smooth,white,white,partial,white,one,pendant,brown,solitary,urban,edible
convex,fibrous,gray,no,none,free,crowded,broad,brown,tapering,equal,smooth,smooth,white,white,partial,white,one,evanescent,brown,scattered,grasses,edible
convex,scaly,yellow,yes,anise,free,close,broad,white,enlarging,rooted,smooth,scaly,white,white,partial,white,one,pendant,black,scattered,grasses,edible
convex,smooth,brown,no,none,free,crowded,broad,black,tapering,equal,smooth,smooth,white,white,partial,white,one,evanescent,black,scattered,grasses,edible
bell,smooth,white,yes,almond,free,close,broad,white,enlarging,club,smooth,smooth,white,white,partial,white,one,pendant,black,scattered,grasses,edible
convex,smooth,white,yes,anise,free,close,broad,brown,enlarging,club,smooth,smooth,white,white,partial,white,one,pendant,brown,scattered,grasses,edible
flat,scaly,brown,yes,anise,free,close,broad,white,enlarging,rooted,smooth,scaly,white,white,partial,white,one,pendant,black,solitary,grasses,edible
sunken,fibrous,brown,no,none,free,close,narrow,brown,enlarging,equal,smooth,smooth,white,white,partial,white,one,pendant,brown,several,urban,edible
convex,fibrous,brown,no,none,free,close,narrow,brown,enlarging,equal,smooth,smooth,white,white,partial,white,one,pendant,brown,solitary,urban,edible
bell,smooth,white,yes,anise,free,close,broad,black,enlarging,club,smooth,smooth,white,white,partial,white,one,pendant,black,scattered,grasses,edible
convex,scaly,yellow,yes,almond,free,close,broad,gray,enlarging,club,smooth,smooth,white,white,partial,white,one,pendant,black,scattered,grasses,edible
convex,scaly,yellow,yes,anise,free,close,broad,gray,enlarging,club,smooth,smooth,white,white,partial,white,one,pendant,black,numerous,meadows,edible
convex,smooth,brown,no,none,free,crowded,broad,brown,tapering,equal,smooth,smooth,white,white,partial,white,one,evanescent,brown,abundant,grasses,edible
convex,smooth,white,yes,almond,free,close,broad,gray,enlarging,club,smooth,smooth,white,white,partial,white,one,pendant,brown,scattered,grasses,edible
flat,scaly,brown,yes,anise,free,close,broad,pink,enlarging,rooted,smooth,scaly,white,white,partial,white,one,pendant,brown,scattered,grasses,edible
convex,smooth,yellow,yes,almond,free,close,broad,brown,enlarging,club,smooth,smooth,white,white,partial,white,one,pendant,black,numerous,grasses,edible
bell,smooth,white,yes,almond,free,close,broad,gray,enlarging,club,smooth,smooth,white,white,partial,white,one,pendant,brown,scattered,grasses,edible
convex,scaly,white,yes,almond,free,close,broad,gray,enlarging,club,smooth,smooth,white,white,partial,white,one,pendant,black,scattered,grasses,edible
convex,fibrous,brown,no,none,free,crowded,broad,pink,tapering,equal,fibrous,smooth,white,white,partial,white,one,evanescent,black,scattered,grasses,edible
bell,smooth,yellow,yes,anise,free,close,broad,brown,enlarging,club,smooth,smooth,white,white,partial,white,one,pendant,black,numerous,grasses,edible
flat,scaly,yellow,yes,anise,free,close,broad,white,enlarging,rooted,smooth,scaly,white,white,partial,white,one,pendant,brown,scattered,grasses,edible
convex,scaly,yellow,yes,almond,free,close,broad,brown,enlarging,rooted,smooth,scaly,white,white,partial,white,one,pendant,black,solitary,paths,edible
bell,scaly,white,yes,anise,free,close,broad,gray,enlarging,club,smooth,smooth,white,white,partial,white,one,pendant,brown,numerous,grasses,edible
convex,scaly,yellow,yes,almond,free,close,broad,brown,enlarging,club,smooth,smooth,white,white,partial,white,one,pendant,black,numerous,meadows,edible
convex,scaly,yellow,yes,almond,free,close,broad,white,enlarging,rooted,smooth,scaly,white,white,partial,white,one,pendant,brown,solitary,grasses,edible
bell,scaly,white,yes,anise,free,close,broad,brown,enlarging,club,smooth,smooth,white,white,partial,white,one,pendant,black,scattered,meadows,edible
bell,scaly,white,yes,almond,free,close,broad,gray,enlarging,club,smooth,smooth,white,white,partial,white,one,pendant,brown,scattered,meadows,edible
convex,smooth,yellow,yes,almond,free,close,broad,black,enlarging,club,smooth,smooth,white,white,partial,white,one,pendant,black,numerous,meadows,edible
convex,smooth,yellow,yes,anise,free,close,broad,white,enlarging,club,smooth,smooth,white,white,partial,white,one,pendant,black,numerous,grasses,edible
sunken,fibrous,gray,no,none,free,close,narrow,gray,enlarging,equal,smooth,smooth,white,white,partial,white,one,pendant,black,solitary,urban,edible
convex,fibrous,white,yes,almond,free,crowded,narrow,white,tapering,bulbous,smooth,smooth,white,white,partial,white,one,pendant,purple,several,woods,edible
convex,smooth,yellow,yes,almond,free,close,broad,brown,enlarging,club,smooth,smooth,white,white,partial,white,one,pendant,black,numerous,meadows,edible
convex,scaly,white,yes,pungent,free,close,narrow,brown,enlarging,equal,smooth,smooth,white,white,partial,white,one,pendant,brown,several,urban,poisonuos
convex,scaly,yellow,yes,anise,free,close,broad,pink,enlarging,rooted,smooth,scaly,white,white,partial,white,one,pendant,brown,scattered,grasses,edible
sunken,fibrous,gray,no,none,free,close,narrow,pink,enlarging,equal,smooth,smooth,white,white,partial,white,one,pendant,brown,solitary,urban,edible
convex,scaly,yellow,yes,anise,free,close,broad,white,enlarging,rooted,smooth,scaly,white,white,partial,white,one,pendant,black,solitary,grasses,edible
convex,smooth,yellow,yes,anise,free,crowded,narrow,pink,tapering,bulbous,smooth,smooth,white,white,partial,white,one,pendant,purple,several,woods,edible
sunken,fibrous,brown,no,none,free,close,narrow,black,enlarging,equal,smooth,smooth,white,white,partial,white,one,pendant,brown,solitary,urban,edible
convex,smooth,white,yes,pungent,free,close,narrow,black,enlarging,equal,smooth,smooth,white,white,partial,white,one,pendant,black,several,grasses,poisonuos
convex,scaly,white,yes,almond,free,close,broad,gray,enlarging,club,smooth,smooth,white,white,partial,white,one,pendant,brown,numerous,meadows,edible
flat,scaly,brown,yes,pungent,free,close,narrow,pink,enlarging,equal,smooth,smooth,white,white,partial,white,one,pendant,black,several,grasses,poisonuos
flat,smooth,gray,no,none,free,crowded,broad,black,tapering,equal,smooth,smooth,white,white,partial,white,one,evanescent,brown,abundant,grasses,edible
convex,smooth,yellow,yes,anise,free,close,broad,gray,enlarging,club,smooth,smooth,white,white,partial,white,one,pendant,brown,scattered,meadows,edible
convex,smooth,white,no,none,free,crowded,broad,brown,tapering,equal,smooth,fibrous,white,white,partial,white,one,evanescent,black,scattered,grasses,edible
bell,smooth,yellow,yes,almond,free,close,broad,white,enlarging,club,smooth,smooth,white,white,partial,white,one,pendant,brown,numerous,grasses,edible
flat,fibrous,gray,no,none,free,crowded,broad,chocolate,tapering,equal,smooth,smooth,white,white,partial,white,one,evanescent,brown,abundant,grasses,edible
convex,smooth,white,yes,anise,free,close,broad,brown,enlarging,club,smooth,smooth,white,white,partial,white,one,pendant,black,numerous,grasses,edible
bell,smooth,white,yes,anise,free,close,broad,brown,enlarging,club,smooth,smooth,white,white,partial,white,one,pendant,brown,scattered,meadows,edible
bell,smooth,white,yes,anise,free,close,broad,white,enlarging,club,smooth,smooth,white,white,partial,white,one,pendant,brown,scattered,grasses,edible
bell,scaly,white,yes,anise,free,close,broad,white,enlarging,club,smooth,smooth,white,white,partial,white,one,pendant,brown,scattered,meadows,edible
flat,smooth,white,yes,anise,free,crowded,narrow,white,tapering,bulbous,smooth,smooth,white,white,partial,white,one,pendant,purple,several,woods,edible
convex,scaly,yellow,yes,anise,free,close,broad,gray,enlarging,club,smooth,smooth,white,white,partial,white,one,pendant,black,scattered,meadows,edible
flat,smooth,white,yes,almond,free,crowded,narrow,pink,tapering,bulbous,smooth,smooth,white,white,partial,white,one,pendant,brown,several,woods,edible
convex,scaly,white,yes,pungent,free,close,narrow,white,enlarging,equal,smooth,smooth,white,white,partial,white,one,pendant,brown,several,urban,poisonuos
flat,fibrous,white,yes,anise,free,crowded,narrow,white,tapering,bulbous,smooth,smooth,white,white,partial,white,one,pendant,brown,several,woods,edible
convex,scaly,yellow,yes,almond,free,close,broad,brown,enlarging,club,smooth,smooth,white,white,partial,white,one,pendant,brown,scattered,grasses,edible
convex,smooth,brown,yes,pungent,free,close,narrow,pink,enlarging,equal,smooth,smooth,white,white,partial,white,one,pendant,brown,several,grasses,poisonuos
bell,smooth,yellow,yes,anise,free,close,broad,white,enlarging,club,smooth,smooth,white,white,partial,white,one,pendant,brown,numerous,grasses,edible
convex,scaly,brown,yes,almond,free,close,broad,white,enlarging,rooted,smooth,scaly,white,white,partial,white,one,pendant,black,solitary,paths,edible
bell,scaly,yellow,yes,anise,free,close,broad,gray,enlarging,club,smooth,smooth,white,white,partial,white,one,pendant,black,numerous,meadows,edible
sunken,fibrous,brown,no,none,free,close,narrow,black,enlarging,equal,smooth,smooth,white,white,partial,white,one,pendant,brown,several,urban,edible
flat,scaly,brown,yes,almond,free,close,broad,white,enlarging,rooted,smooth,scaly,white,white,partial,white,one,pendant,black,solitary,paths,edible
convex,scaly,yellow,yes,almond,free,close,broad,black,enlarging,club,smooth,smooth,white,white,partial,white,one,pendant,black,numerous,grasses,edible
convex,fibrous,gray,no,none,free,crowded,broad,black,tapering,equal,fibrous,fibrous,white,white,partial,white,one,evanescent,black,scattered,grasses,edible
flat,fibrous,white,no,none,free,crowded,broad,black,tapering,equal,smooth,fibrous,white,white,partial,white,one,evanescent,brown,abundant,grasses,edible
convex,scaly,yellow,yes,anise,free,close,broad,white,enlarging,club,smooth,smooth,white,white,partial,white,one,pendant,brown,numerous,meadows,edible
bell,smooth,yellow,yes,anise,free,close,broad,black,enlarging,club,smooth,smooth,white,white,partial,white,one,pendant,black,numerous,grasses,edible
bell,scaly,white,yes,almond,free,close,broad,gray,enlarging,club,smooth,smooth,white,white,partial,white,one,pendant,black,numerous,meadows,edible
convex,scaly,white,yes,almond,free,close,broad,white,enlarging,club,smooth,smooth,white,white,partial,white,one,pendant,brown,scattered,grasses,edible
convex,smooth,brown,no,none,free,crowded,broad,pink,tapering,equal,fibrous,smooth,white,white,partial,white,one,evanescent,brown,abundant,grasses,edible
convex,scaly,white,yes,anise,free,close,broad,gray,enlarging,club,smooth,smooth,white,white,partial,white,one,pendant,brown,scattered,grasses,edible
sunken,fibrous,brown,no,none,free,close,narrow,black,enlarging,equal,smooth,smooth,white,white,partial,white,one,pendant,black,several,urban,edible
convex,smooth,white,yes,almond,free,crowded,narrow,white,tapering,bulbous,smooth,smooth,white,white,partial,white,one,pendant,purple,several,woods,edible
convex,scaly,brown,yes,anise,free,close,broad,white,enlarging,rooted,smooth,scaly,white,white,partial,white,one,pendant,black,scattered,grasses,edible
bell,scaly,yellow,yes,almond,free,close,broad,black,enlarging,club,smooth,smooth,white,white,partial,white,one,pendant,brown,numerous,grasses,edible
convex,scaly,white,yes,almond,free,close,broad,black,enlarging,club,smooth,smooth,white,white,partial,white,one,pendant,brown,numerous,grasses,edible
bell,scaly,white,yes,almond,free,close,broad,brown,enlarging,club,smooth,smooth,white,white,partial,white,one,pendant,black,scattered,meadows,edible
bell,smooth,yellow,yes,almond,free,close,broad,gray,enlarging,club,smooth,smooth,white,white,partial,white,one,pendant,black,scattered,grasses,edible
bell,smooth,yellow,yes,anise,free,close,broad,gray,enlarging,club,smooth,smooth,white,white,partial,white,one,pendant,black,scattered,meadows,edible
bell,scaly,yellow,yes,almond,free,close,broad,brown,enlarging,club,smooth,smooth,white,white,partial,white,one,pendant,black,numerous,grasses,edible
convex,fibrous,brown,no,none,free,close,narrow,black,enlarging,equal,smooth,smooth,white,white,partial,white,one,pendant,brown,solitary,urban,edible
flat,scaly,brown,yes,anise,free,close,broad,brown,enlarging,rooted,smooth,scaly,white,white,partial,white,one,pendant,brown,solitary,grasses,edible
convex,scaly,white,yes,almond,free,close,broad,black,enlarging,club,smooth,smooth,white,white,partial,white,one,pendant,brown,scattered,grasses,edible
flat,scaly,yellow,yes,anise,free,close,broad,white,enlarging,rooted,smooth,scaly,white,white,partial,white,one,pendant,brown,solitary,paths,edible
bell,smooth,white,yes,almond,free,close,broad,white,enlarging,club,smooth,smooth,white,white,partial,white,one,pendant,brown,scattered,grasses,edible
bell,smooth,white,yes,almond,free,close,broad,white,enlarging,club,smooth,smooth,white,white,partial,white,one,pendant,black,scattered,meadows,edible
convex,scaly,brown,yes,anise,free,close,broad,white,enlarging,rooted,smooth,scaly,white,white,partial,white,one,pendant,black,solitary,grasses,edible
bell,smooth,white,yes,almond,free,close,broad,black,enlarging,club,smooth,smooth,white,white,partial,white,one,pendant,black,scattered,grasses,edible
convex,fibrous,gray,no,none,free,close,narrow,gray,enlarging,equal,smooth,smooth,white,white,partial,white,one,pendant,brown,solitary,urban,edible
bell,smooth,yellow,yes,anise,free,close,broad,black,enlarging,club,smooth,smooth,white,white,partial,white,one,pendant,brown,scattered,grasses,edible
convex,fibrous,yellow,yes,anise,free,crowded,narrow,brown,tapering,bulbous,smooth,smooth,white,white,partial,white,one,pendant,purple,several,woods,edible
bell,scaly,yellow,yes,almond,free,close,broad,white,enlarging,club,smooth,smooth,white,white,partial,white,one,pendant,black,scattered,grasses,edible
flat,scaly,yellow,yes,anise,free,close,broad,pink,enlarging,rooted,smooth,scaly,white,white,partial,white,one,pendant,brown,scattered,grasses,edible
bell,scaly,white,yes,anise,free,close,broad,white,enlarging,club,smooth,smooth,white,white,partial,white,one,pendant,black,numerous,meadows,edible
bell,scaly,white,yes,almond,free,close,broad,black,enlarging,club,smooth,smooth,white,white,partial,white,one,pendant,black,numerous,meadows,edible
bell,scaly,yellow,yes,almond,free,close,broad,gray,enlarging,club,smooth,smooth,white,white,partial,white,one,pendant,brown,scattered,grasses,edible
convex,scaly,yellow,yes,anise,free,close,broad,gray,enlarging,club,smooth,smooth,white,white,partial,white,one,pendant,brown,numerous,meadows,edible
bell,smooth,yellow,yes,anise,free,close,broad,gray,enlarging,club,smooth,smooth,white,white,partial,white,one,pendant,brown,numerous,grasses,edible
convex,scaly,white,yes,pungent,free,close,narrow,pink,enlarging,equal,smooth,smooth,white,white,partial,white,one,pendant,brown,several,urban,poisonuos
sunken,fibrous,brown,no,none,free,close,narrow,gray,enlarging,equal,smooth,smooth,white,white,partial,white,one,pendant,brown,solitary,urban,edible
flat,fibrous,brown,no,none,free,close,narrow,gray,enlarging,equal,smooth,smooth,white,white,partial,white,one,pendant,black,several,urban,edible
convex,smooth,yellow,yes,almond,free,close,broad,gray,enlarging,club,smooth,smooth,white,white,partial,white,one,pendant,brown,scattered,meadows,edible
flat,scaly,brown,yes,almond,free,close,broad,pink,enlarging,rooted,smooth,scaly,white,white,partial,white,one,pendant,black,scattered,paths,edible
convex,scaly,white,yes,pungent,free,close,narrow,black,enlarging,equal,smooth,smooth,white,white,partial,white,one,pendant,black,scattered,grasses,poisonuos
bell,smooth,white,yes,anise,free,close,broad,gray,enlarging,club,smooth,smooth,white,white,partial,white,one,pendant,brown,scattered,meadows,edible
flat,fibrous,gray,no,none,free,close,narrow,pink,enlarging,equal,smooth,smooth,white,white,partial,white,one,pendant,black,several,urban,edible
bell,scaly,yellow,yes,anise,free,close,broad,gray,enlarging,club,smooth,smooth,white,white,partial,white,one,pendant,brown,numerous,grasses,edible
convex,scaly,brown,yes,almond,free,close,broad,white,enlarging,rooted,smooth,scaly,white,white,partial,white,one,pendant,brown,solitary,paths,edible
convex,fibrous,white,no,none,free,crowded,broad,pink,tapering,equal,smooth,fibrous,white,white,partial,white,one,evanescent,black,scattered,grasses,edible
convex,smooth,white,yes,anise,free,crowded,narrow,white,tapering,bulbous,smooth,smooth,white,white,partial,white,one,pendant,brown,several,woods,edible
bell,smooth,white,yes,anise,free,close,broad,white,enlarging,club,smooth,smooth,white,white,partial,white,one,pendant,brown,scattered,meadows,edible
flat,smooth,yellow,yes,almond,free,crowded,narrow,white,tapering,bulbous,smooth,smooth,white,white,partial,white,one,pendant,brown,several,woods,edible
convex,smooth,yellow,yes,almond,free,close,broad,black,enlarging,club,smooth,smooth,white,white,partial,white,one,pendant,brown,numerous,meadows,edible
flat,fibrous,gray,no,none,free,close,narrow,gray,enlarging,equal,smooth,smooth,white,white,partial,white,one,pendant,brown,solitary,urban,edible
bell,smooth,yellow,yes,almond,free,close,broad,brown,enlarging,club,smooth,smooth,white,white,partial,white,one,pendant,black,scattered,grasses,edible
convex,smooth,white,yes,anise,free,close,broad,gray,enlarging,club,smooth,smooth,white,white,partial,white,one,pendant,brown,numerous,meadows,edible
convex,scaly,white,yes,anise,free,close,broad,brown,enlarging,club,smooth,smooth,white,white,partial,white,one,pendant,brown,scattered,meadows,edible
flat,smooth,white,yes,almond,free,crowded,narrow,brown,tapering,bulbous,smooth,smooth,white,white,partial,white,one,pendant,brown,several,woods,edible
convex,scaly,yellow,yes,anise,free,close,broad,white,enlarging,club,smooth,smooth,white,white,partial,white,one,pendant,brown,scattered,grasses,edible
bell,smooth,white,yes,anise,free,close,broad,white,enlarging,club,smooth,smooth,white,white,partial,white,one,pendant,black,scattered,grasses,edible
convex,smooth,white,yes,almond,free,close,broad,gray,enlarging,club,smooth,smooth,white,white,partial,white,one,pendant,black,numerous,grasses,edible
convex,fibrous,white,no,none,free,crowded,broad,chocolate,tapering,equal,fibrous,smooth,white,white,partial,white,one,evanescent,black,scattered,grasses,edible
flat,scaly,brown,yes,anise,free,close,broad,brown,enlarging,rooted,smooth,scaly,white,white,partial,white,one,pendant,black,solitary,paths,edible
convex,smooth,white,yes,pungent,free,close,narrow,black,enlarging,equal,smooth,smooth,white,white,partial,white,one,pendant,brown,several,urban,poisonuos
bell,smooth,white,yes,almond,free,close,broad,brown,enlarging,club,smooth,smooth,white,white,partial,white,one,pendant,brown,numerous,grasses,edible
bell,smooth,white,yes,almond,free,close,broad,black,enlarging,club,smooth,smooth,white,white,partial,white,one,pendant,black,scattered,meadows,edible
bell,scaly,white,yes,anise,free,close,broad,brown,enlarging,club,smooth,smooth,white,white,partial,white,one,pendant,brown,numerous,grasses,edible
bell,scaly,white,yes,almond,free,close,broad,white,enlarging,club,smooth,smooth,white,white,partial,white,one,pendant,black,numerous,grasses,edible
convex,smooth,yellow,yes,almond,free,close,broad,white,enlarging,club,smooth,smooth,white,white,partial,white,one,pendant,black,scattered,grasses,edible
bell,smooth,white,yes,anise,free,close,broad,white,enlarging,club,smooth,smooth,white,white,partial,white,one,pendant,black,numerous,meadows,edible
convex,fibrous,yellow,yes,almond,free,crowded,narrow,brown,tapering,bulbous,smooth,smooth,white,white,partial,white,one,pendant,brown,several,woods,edible
convex,fibrous,gray,no,none,free,close,narrow,brown,enlarging,equal,smooth,smooth,white,white,partial,white,one,pendant,brown,solitary,urban,edible
flat,scaly,yellow,yes,almond,free,close,broad,brown,enlarging,rooted,smooth,scaly,white,white,partial,white,one,pendant,brown,scattered,grasses,edible
bell,smooth,white,yes,anise,free,close,broad,brown,enlarging,club,smooth,smooth,white,white,partial,white,one,pendant,black,numerous,meadows,edible
convex,smooth,yellow,yes,almond,free,close,broad,gray,enlarging,club,smooth,smooth,white,white,partial,white,one,pendant,black,scattered,grasses,edible
convex,scaly,yellow,yes,almond,free,close,broad,black,enlarging,club,smooth,smooth,white,white,partial,white,one,pendant,black,scattered,grasses,edible
convex,scaly,white,yes,anise,free,close,broad,white,enlarging,club,smooth,smooth,white,white,partial,white,one,pendant,brown,scattered,grasses,edible
sunken,fibrous,gray,no,none,free,close,narrow,pink,enlarging,equal,smooth,smooth,white,white,partial,white,one,pendant,brown,several,urban,edible
convex,smooth,white,yes,almond,free,close,broad,brown,enlarging,club,smooth,smooth,white,white,partial,white,one,pendant,brown,numerous,meadows,edible
convex,smooth,white,yes,pungent,free,close,narrow,black,enlarging,equal,smooth,smooth,white,white,partial,white,one,pendant,black,scattered,grasses,poisonuos
convex,scaly,yellow,yes,almond,free,close,broad,brown,enlarging,rooted,smooth,scaly,white,white,partial,white,one,pendant,brown,scattered,grasses,edible
flat,fibrous,white,yes,almond,free,crowded,narrow,pink,tapering,bulbous,smooth,smooth,white,white,partial,white,one,pendant,brown,several,woods,edible
convex,scaly,white,yes,anise,free,close,broad,gray,enlarging,club,smooth,smooth,white,white,partial,white,one,pendant,black,numerous,meadows,edible
bell,scaly,white,yes,anise,free,close,broad,brown,enlarging,club,smooth,smooth,white,white,partial,white,one,pendant,black,scattered,grasses,edible
convex,smooth,white,yes,almond,free,close,broad,gray,enlarging,club,smooth,smooth,white,white,partial,white,one,pendant,brown,numerous,grasses,edible
convex,smooth,yellow,yes,almond,free,close,broad,gray,enlarging,club,smooth,smooth,white,white,partial,white,one,pendant,brown,scattered,grasses,edible
convex,scaly,brown,yes,pungent,free,close,narrow,pink,enlarging,equal,smooth,smooth,white,white,partial,white,one,pendant,black,several,urban,poisonuos
bell,smooth,yellow,yes,almond,free,close,broad,brown,enlarging,club,smooth,smooth,white,white,partial,white,one,pendant,brown,numerous,grasses,edible
convex,fibrous,gray,no,none,free,close,narrow,brown,enlarging,equal,smooth,smooth,white,white,partial,white,one,pendant,black,solitary,urban,edible
convex,scaly,white,yes,pungent,free,close,narrow,black,enlarging,equal,smooth,smooth,white,white,partial,white,one,pendant,black,scattered,urban,poisonuos
convex,scaly,yellow,yes,anise,free,close,broad,brown,enlarging,rooted,smooth,scaly,white,white,partial,white,one,pendant,brown,solitary,paths,edible
flat,fibrous,brown,no,none,free,close,narrow,black,enlarging,equal,smooth,smooth,white,white,partial,white,one,pendant,black,several,urban,edible
bell,smooth,white,yes,anise,free,close,broad,black,enlarging,club,smooth,smooth,white,white,partial,white,one,pendant,brown,numerous,grasses,edible
convex,fibrous,white,yes,anise,free,crowded,narrow,white,tapering,bulbous,smooth,smooth,white,white,partial,white,one,pendant,brown,several,woods,edible
convex,scaly,white,yes,anise,free,close,broad,white,enlarging,club,smooth,smooth,white,white,partial,white,one,pendant,black,scattered,grasses,edible
bell,scaly,yellow,yes,anise,free,close,broad,brown,enlarging,club,smooth,smooth,white,white,partial,white,one,pendant,brown,scattered,grasses,edible
convex,scaly,yellow,yes,anise,free,close,broad,brown,enlarging,rooted,smooth,scaly,white,white,partial,white,one,pendant,black,scattered,grasses,edible
flat,scaly,yellow,yes,almond,free,close,broad,pink,enlarging,rooted,smooth,scaly,white,white,partial,white,one,pendant,black,scattered,paths,edible
flat,scaly,yellow,yes,almond,free,close,broad,white,enlarging,rooted,smooth,scaly,white,white,partial,white,one,pendant,black,solitary,paths,edible
convex,smooth,white,yes,anise,free,close,broad,white,enlarging,club,smooth,smooth,white,white,partial,white,one,pendant,black,scattered,grasses,edible
convex,smooth,white,yes,almond,free,close,broad,white,enlarging,club,smooth,smooth,white,white,partial,white,one,pendant,brown,numerous,meadows,edible
convex,smooth,white,yes,pungent,free,close,narrow,brown,enlarging,equal,smooth,smooth,white,white,partial,white,one,pendant,black,several,urban,poisonuos
flat,fibrous,white,yes,almond,free,crowded,narrow,pink,tapering,bulbous,smooth,smooth,white,white,partial,white,one,pendant,purple,several,woods,edible
convex,smooth,white,yes,anise,free,close,broad,white,enlarging,club,smooth,smooth,white,white,partial,white,one,pendant,brown,scattered,grasses,edible
convex,smooth,white,yes,anise,free,crowded,narrow,pink,tapering,bulbous,smooth,smooth,white,white,partial,white,one,pendant,purple,several,woods,edible
convex,scaly,white,yes,almond,free,close,broad,brown,enlarging,club,smooth,smooth,white,white,partial,white,one,pendant,black,scattered,meadows,edible
flat,scaly,yellow,yes,anise,free,close,broad,white,enlarging,rooted,smooth,scaly,white,white,partial,white,one,pendant,black,solitary,paths,edible
convex,smooth,brown,no,none,free,crowded,broad,pink,tapering,equal,fibrous,smooth,white,white,partial,white,one,evanescent,black,scattered,grasses,edible
flat,scaly,yellow,yes,almond,free,close,broad,white,enlarging,rooted,smooth,scaly,white,white,partial,white,one,pendant,brown,solitary,grasses,edible
convex,smooth,brown,yes,pungent,free,close,narrow,pink,enlarging,equal,smooth,smooth,white,white,partial,white,one,pendant,brown,scattered,grasses,poisonuos
sunken,fibrous,brown,no,none,free,close,narrow,gray,enlarging,equal,smooth,smooth,white,white,partial,white,one,pendant,brown,several,urban,edible
bell,scaly,yellow,yes,anise,free,close,broad,white,enlarging,club,smooth,smooth,white,white,partial,white,one,pendant,brown,scattered,meadows,edible
bell,smooth,white,yes,anise,free,close,broad,brown,enlarging,club,smooth,smooth,white,white,partial,white,one,pendant,brown,scattered,grasses,edible
bell,scaly,white,yes,anise,free,close,broad,black,enlarging,club,smooth,smooth,white,white,partial,white,one,pendant,brown,numerous,meadows,edible
flat,fibrous,brown,no,none,free,close,narrow,black,enlarging,equal,smooth,smooth,white,white,partial,white,one,pendant,brown,several,urban,edible
convex,smooth,white,yes,almond,free,close,broad,white,enlarging,club,smooth,smooth,white,white,partial,white,one,pendant,black,numerous,meadows,edible
bell,scaly,white,yes,anise,free,close,broad,gray,enlarging,club,smooth,smooth,white,white,partial,white,one,pendant,black,numerous,grasses,edible
bell,scaly,white,yes,almond,free,close,broad,gray,enlarging,club,smooth,smooth,white,white,partial,white,one,pendant,brown,numerous,meadows,edible
flat,scaly,brown,yes,anise,free,close,broad,white,enlarging,rooted,smooth,scaly,white,white,partial,white,one,pendant,brown,scattered,grasses,edible
convex,scaly,white,yes,pungent,free,close,narrow,black,enlarging,equal,smooth,smooth,white,white,partial,white,one,pendant,black,several,grasses,poisonuos
convex,smooth,white,yes,almond,free,close,broad,brown,enlarging,club,smooth,smooth,white,white,partial,white,one,pendant,brown,numerous,grasses,edible
convex,scaly,white,yes,almond,free,close,broad,brown,enlarging,club,smooth,smooth,white,white,partial,white,one,pendant,brown,scattered,meadows,edible
flat,fibrous,white,yes,anise,free,crowded,narrow,white,tapering,bulbous,smooth,smooth,white,white,partial,white,one,pendant,purple,several,woods,edible
flat,fibrous,gray,no,none,free,close,narrow,gray,enlarging,equal,smooth,smooth,white,white,partial,white,one,pendant,black,several,urban,edible
flat,smooth,gray,no,none,free,crowded,broad,pink,tapering,equal,smooth,smooth,white,white,partial,white,one,evanescent,black,abundant,grasses,edible
convex,scaly,yellow,yes,almond,free,close,broad,gray,enlarging,club,smooth,smooth,white,white,partial,white,one,pendant,brown,scattered,meadows,edible
bell,smooth,white,yes,almond,free,close,broad,black,enlarging,club,smooth,smooth,white,white,partial,white,one,pendant,brown,scattered,meadows,edible
flat,scaly,brown,yes,pungent,free,close,narrow,white,enlarging,equal,smooth,smooth,white,white,partial,white,one,pendant,black,scattered,urban,poisonuos
convex,smooth,white,yes,anise,free,close,broad,brown,enlarging,club,smooth,smooth,white,white,partial,white,one,pendant,black,numerous,meadows,edible
flat,smooth,brown,yes,pungent,free,close,narrow,white,enlarging,equal,smooth,smooth,white,white,partial,white,one,pendant,black,several,urban,poisonuos
convex,scaly,white,yes,anise,free,close,broad,black,enlarging,club,smooth,smooth,white,white,partial,white,one,pendant,brown,scattered,grasses,edible
convex,scaly,yellow,yes,almond,free,close,broad,black,enlarging,club,smooth,smooth,white,white,partial,white,one,pendant,brown,numerous,meadows,edible
flat,scaly,yellow,yes,almond,free,close,broad,brown,enlarging,rooted,smooth,scaly,white,white,partial,white,one,pendant,brown,scattered,paths,edible
convex,scaly,brown,yes,almond,free,close,broad,white,enlarging,rooted,smooth,scaly,white,white,partial,white,one,pendant,brown,scattered,paths,edible
flat,scaly,brown,yes,almond,free,close,broad,white,enlarging,rooted,smooth,scaly,white,white,partial,white,one,pendant,brown,solitary,grasses,edible
convex,scaly,white,yes,almond,free,close,broad,white,enlarging,club,smooth,smooth,white,white,partial,white,one,pendant,brown,numerous,meadows,edible
flat,fibrous,brown,no,none,free,crowded,broad,chocolate,tapering,equal,smooth,smooth,white,white,partial,white,one,evanescent,black,scattered,grasses,edible
convex,smooth,yellow,yes,anise,free,close,broad,black,enlarging,club,smooth,smooth,white,white,partial,white,one,pendant,brown,numerous,meadows,edible
convex,scaly,white,yes,pungent,free,close,narrow,white,enlarging,equal,smooth,smooth,white,white,partial,white,one,pendant,brown,scattered,grasses,poisonuos
bell,scaly,yellow,yes,almond,free,close,broad,brown,enlarging,club,smooth,smooth,white,white,partial,white,one,pendant,brown,numerous,meadows,edible
sunken,fibrous,brown,no,none,free,close,narrow,pink,enlarging,equal,smooth,smooth,white,white,partial,white,one,pendant,brown,several,urban,edible
convex,smooth,yellow,yes,anise,free,close,broad,black,enlarging,club,smooth,smooth,white,white,partial,white,one,pendant,black,scattered,meadows,edible
bell,scaly,white,yes,anise,free,close,broad,brown,enlarging,club,smooth,smooth,white,white,partial,white,one,pendant,black,numerous,meadows,edible
flat,scaly,brown,yes,almond,free,close,broad,brown,enlarging,rooted,smooth,scaly,white,white,partial,white,one,pendant,black,scattered,grasses,edible
bell,scaly,yellow,yes,almond,free,close,broad,gray,enlarging,club,smooth,smooth,white,white,partial,white,one,pendant,black,scattered,meadows,edible
bell,scaly,white,yes,almond,free,close,broad,gray,enlarging,club,smooth,smooth,white,white,partial,white,one,pendant,black,scattered,grasses,edible
convex,scaly,brown,yes,anise,free,close,broad,brown,enlarging,rooted,smooth,scaly,white,white,partial,white,one,pendant,brown,solitary,paths,edible
flat,fibrous,gray,no,none,free,close,narrow,pink,enlarging,equal,smooth,smooth,white,white,partial,white,one,pendant,brown,solitary,urban,edible
convex,fibrous,gray,no,none,free,close,narrow,gray,enlarging,equal,smooth,smooth,white,white,partial,white,one,pendant,black,solitary,urban,edible
bell,scaly,yellow,yes,anise,free,close,broad,brown,enlarging,club,smooth,smooth,white,white,partial,white,one,pendant,black,scattered,grasses,edible
convex,smooth,yellow,yes,anise,free,close,broad,brown,enlarging,club,smooth,smooth,white,white,partial,white,one,pendant,black,scattered,meadows,edible
bell,scaly,white,yes,anise,free,close,broad,black,enlarging,club,smooth,smooth,white,white,partial,white,one,pendant,brown,scattered,grasses,edible
convex,smooth,white,yes,almond,free,close,broad,gray,enlarging,club,smooth,smooth,white,white,partial,white,one,pendant,black,scattered,meadows,edible
bell,smooth,yellow,yes,almond,free,close,broad,gray,enlarging,club,smooth,smooth,white,white,partial,white,one,pendant,brown,numerous,meadows,edible
convex,smooth,yellow,yes,almond,free,close,broad,black,enlarging,club,smooth,smooth,white,white,partial,white,one,pendant,black,scattered,meadows,edible
convex,fibrous,gray,no,none,free,crowded,broad,pink,tapering,equal,fibrous,fibrous,white,white,partial,white,one,evanescent,black,scattered,grasses,edible
flat,smooth,yellow,yes,almond,free,crowded,narrow,pink,tapering,bulbous,smooth,smooth,white,white,partial,white,one,pendant,brown,several,woods,edible
convex,scaly,white,yes,pungent,free,close,narrow,pink,enlarging,equal,smooth,smooth,white,white,partial,white,one,pendant,black,scattered,grasses,poisonuos
convex,fibrous,white,no,none,free,crowded,broad,black,tapering,equal,fibrous,smooth,white,white,partial,white,one,evanescent,black,abundant,grasses,edible
bell,scaly,white,yes,almond,free,close,broad,white,enlarging,club,smooth,smooth,white,white,partial,white,one,pendant,black,scattered,grasses,edible
convex,smooth,yellow,yes,anise,free,crowded,narrow,white,tapering,bulbous,smooth,smooth,white,white,partial,white,one,pendant,brown,several,woods,edible
bell,scaly,white,yes,almond,free,close,broad,brown,enlarging,club,smooth,smooth,white,white,partial,white,one,pendant,black,scattered,grasses,edible
convex,scaly,white,yes,anise,free,close,broad,gray,enlarging,club,smooth,smooth,white,white,partial,white,one,pendant,black,scattered,grasses,edible
convex,fibrous,brown,yes,none,free,close,broad,pink,tapering,bulbous,smooth,smooth,gray,pink,partial,white,one,pendant,brown,solitary,woods,edible
bell,scaly,white,yes,anise,free,close,broad,black,enlarging,club,smooth,smooth,white,white,partial,white,one,pendant,brown,scattered,meadows,edible
convex,smooth,yellow,yes,anise,free,close,broad,gray,enlarging,club,smooth,smooth,white,white,partial,white,one,pendant,brown,numerous,meadows,edible
flat,scaly,brown,yes,almond,free,close,broad,pink,enlarging,rooted,smooth,scaly,white,white,partial,white,one,pendant,black,solitary,grasses,edible
convex,fibrous,white,no,none,free,crowded,broad,brown,tapering,equal,smooth,smooth,white,white,partial,white,one,evanescent,brown,scattered,grasses,edible
convex,smooth,yellow,yes,anise,free,close,broad,white,enlarging,club,smooth,smooth,white,white,partial,white,one,pendant,black,scattered,grasses,edible
convex,scaly,white,yes,pungent,free,close,narrow,brown,enlarging,equal,smooth,smooth,white,white,partial,white,one,pendant,brown,several,grasses,poisonuos
convex,scaly,yellow,yes,anise,free,close,broad,brown,enlarging,club,smooth,smooth,white,white,partial,white,one,pendant,black,scattered,grasses,edible
convex,fibrous,white,yes,almond,free,crowded,narrow,pink,tapering,bulbous,smooth,smooth,white,white,partial,white,one,pendant,brown,several,woods,edible
bell,smooth,yellow,yes,almond,free,close,broad,gray,enlarging,club,smooth,smooth,white,white,partial,white,one,pendant,brown,numerous,grasses,edible
convex,scaly,white,yes,pungent,free,close,narrow,black,enlarging,equal,smooth,smooth,white,white,partial,white,one,pendant,black,several,urban,poisonuos
convex,smooth,yellow,yes,almond,free,crowded,narrow,white,tapering,bulbous,smooth,smooth,white,white,partial,white,one,pendant,brown,several,woods,edible
convex,scaly,white,yes,almond,free,close,broad,black,enlarging,club,smooth,smooth,white,white,partial,white,one,pendant,black,numerous,meadows,edible
convex,fibrous,white,yes,anise,free,crowded,narrow,brown,tapering,bulbous,smooth,smooth,white,white,partial,white,one,pendant,brown,several,woods,edible
flat,smooth,white,yes,anise,free,crowded,narrow,white,tapering,bulbous,smooth,smooth,white,white,partial,white,one,pendant,brown,several,woods,edible
convex,scaly,yellow,yes,anise,free,close,broad,black,enlarging,club,smooth,smooth,white,white,partial,white,one,pendant,brown,scattered,meadows,edible
flat,fibrous,yellow,yes,almond,free,crowded,narrow,white,tapering,bulbous,smooth,smooth,white,white,partial,white,one,pendant,purple,several,woods,edible
convex,smooth,white,yes,almond,free,close,broad,white,enlarging,club,smooth,smooth,white,white,partial,white,one,pendant,black,scattered,grasses,edible
bell,scaly,yellow,yes,almond,free,close,broad,brown,enlarging,club,smooth,smooth,white,white,partial,white,one,pendant,black,scattered,meadows,edible
convex,scaly,brown,yes,anise,free,close,broad,pink,enlarging,rooted,smooth,scaly,white,white,partial,white,one,pendant,brown,scattered,paths,edible
bell,scaly,white,yes,anise,free,close,broad,black,enlarging,club,smooth,smooth,white,white,partial,white,one,pendant,black,numerous,grasses,edible
convex,smooth,yellow,yes,almond,free,close,broad,brown,enlarging,club,smooth,smooth,white,white,partial,white,one,pendant,brown,scattered,meadows,edible
convex,scaly,brown,yes,pungent,free,close,narrow,brown,enlarging,equal,smooth,smooth,white,white,partial,white,one,pendant,brown,several,urban,poisonuos
bell,smooth,yellow,yes,anise,free,close,broad,white,enlarging,club,smooth,smooth,white,white,partial,white,one,pendant,black,numerous,grasses,edible
bell,scaly,white,yes,almond,free,close,broad,gray,enlarging,club,smooth,smooth,white,white,partial,white,one,pendant,black,numerous,grasses,edible
convex,scaly,brown,yes,pungent,free,close,narrow,white,enlarging,equal,smooth,smooth,white,white,partial,white,one,pendant,black,several,urban,poisonuos
bell,smooth,white,yes,anise,free,close,broad,brown,enlarging,club,smooth,smooth,white,white,partial,white,one,pendant,black,scattered,meadows,edible
bell,scaly,yellow,yes,anise,free,close,broad,white,enlarging,club,smooth,smooth,white,white,partial,white,one,pendant,brown,numerous,meadows,edible
bell,scaly,yellow,yes,almond,free,close,broad,brown,enlarging,club,smooth,smooth,white,white,partial,white,one,pendant,black,scattered,grasses,edible
convex,scaly,white,yes,anise,free,close,broad,gray,enlarging,club,smooth,smooth,white,white,partial,white,one,pendant,brown,numerous,grasses,edible
convex,fibrous,brown,yes,none,free,close,broad,pink,tapering,bulbous,smooth,smooth,pink,white,partial,white,one,pendant,black,solitary,woods,edible
convex,scaly,brown,yes,almond,free,close,broad,white,enlarging,rooted,smooth,scaly,white,white,partial,white,one,pendant,black,solitary,grasses,edible
bell,smooth,yellow,yes,anise,free,close,broad,brown,enlarging,club,smooth,smooth,white,white,partial,white,one,pendant,brown,scattered,grasses,edible
convex,fibrous,gray,no,none,free,close,narrow,gray,enlarging,equal,smooth,smooth,white,white,partial,white,one,pendant,brown,several,urban,edible
convex,scaly,brown,yes,anise,free,close,broad,brown,enlarging,rooted,smooth,scaly,white,white,partial,white,one,pendant,black,solitary,grasses,edible
convex,smooth,white,yes,almond,free,close,broad,black,enlarging,club,smooth,smooth,white,white,partial,white,one,pendant,brown,scattered,grasses,edible
bell,scaly,white,yes,almond,free,close,broad,brown,enlarging,club,smooth,smooth,white,white,partial,white,one,pendant,black,numerous,grasses,edible
convex,smooth,yellow,yes,almond,free,close,broad,gray,enlarging,club,smooth,smooth,white,white,partial,white,one,pendant,black,scattered,meadows,edible
flat,fibrous,yellow,yes,almond,free,crowded,narrow,pink,tapering,bulbous,smooth,smooth,white,white,partial,white,one,pendant,brown,several,woods,edible
bell,scaly,yellow,yes,anise,free,close,broad,gray,enlarging,club,smooth,smooth,white,white,partial,white,one,pendant,brown,scattered,grasses,edible
convex,fibrous,brown,no,none,free,crowded,broad,brown,tapering,equal,smooth,fibrous,white,white,partial,white,one,evanescent,brown,abundant,grasses,edible
convex,fibrous,yellow,yes,anise,free,crowded,narrow,brown,tapering,bulbous,smooth,smooth,white,white,partial,white,one,pendant,brown,several,woods,edible
convex,smooth,yellow,yes,almond,free,close,broad,brown,enlarging,club,smooth,smooth,white,white,partial,white,one,pendant,brown,numerous,meadows,edible
flat,smooth,gray,no,none,free,crowded,broad,brown,tapering,equal,smooth,fibrous,white,white,partial,white,one,evanescent,black,scattered,grasses,edible
convex,fibrous,brown,no,none,free,close,narrow,gray,enlarging,equal,smooth,smooth,white,white,partial,white,one,pendant,brown,solitary,urban,edible
flat,smooth,gray,no,none,free,crowded,broad,chocolate,tapering,equal,fibrous,fibrous,white,white,partial,white,one,evanescent,brown,abundant,grasses,edible
flat,scaly,brown,yes,almond,free,close,broad,pink,enlarging,rooted,smooth,scaly,white,white,partial,white,one,pendant,brown,scattered,paths,edible
bell,scaly,white,yes,almond,free,close,broad,black,enlarging,club,smooth,smooth,white,white,partial,white,one,pendant,brown,scattered,grasses,edible
bell,smooth,yellow,yes,almond,free,close,broad,black,enlarging,club,smooth,smooth,white,white,partial,white,one,pendant,black,scattered,meadows,edible
convex,scaly,yellow,yes,anise,free,close,broad,white,enlarging,rooted,smooth,scaly,white,white,partial,white,one,pendant,black,scattered,paths,edible
sunken,fibrous,gray,no,none,free,close,narrow,gray,enlarging,equal,smooth,smooth,white,white,partial,white,one,pendant,brown,several,urban,edible
flat,scaly,brown,yes,almond,free,close,broad,pink,enlarging,rooted,smooth,scaly,white,white,partial,white,one,pendant,brown,solitary,paths,edible
convex,scaly,brown,yes,pungent,free,close,narrow,black,enlarging,equal,smooth,smooth,white,white,partial,white,one,pendant,black,scattered,urban,poisonuos
convex,scaly,yellow,yes,almond,free,close,broad,pink,enlarging,rooted,smooth,scaly,white,white,partial,white,one,pendant,brown,solitary,paths,edible
convex,scaly,yellow,yes,almond,free,close,broad,white,enlarging,club,smooth,smooth,white,white,partial,white,one,pendant,brown,scattered,grasses,edible
convex,fibrous,brown,no,none,free,crowded,broad,chocolate,tapering,equal,smooth,fibrous,white,white,partial,white,one,evanescent,brown,scattered,grasses,edible
convex,fibrous,brown,no,none,free,crowded,broad,pink,tapering,equal,fibrous,fibrous,white,white,partial,white,one,evanescent,black,abundant,grasses,edible
flat,smooth,brown,no,none,free,crowded,broad,black,tapering,equal,fibrous,smooth,white,white,partial,white,one,evanescent,black,abundant,grasses,edible
flat,scaly,brown,yes,almond,free,close,broad,brown,enlarging,rooted,smooth,scaly,white,white,partial,white,one,pendant,brown,scattered,paths,edible
convex,smooth,yellow,yes,almond,free,close,broad,white,enlarging,club,smooth,smooth,white,white,partial,white,one,pendant,black,numerous,grasses,edible
flat,fibrous,brown,no,none,free,close,narrow,pink,enlarging,equal,smooth,smooth,white,white,partial,white,one,pendant,black,several,urban,edible
convex,scaly,yellow,yes,almond,free,close,broad,white,enlarging,rooted,smooth,scaly,white,white,partial,white,one,pendant,brown,scattered,paths,edible
convex,fibrous,yellow,yes,almond,free,crowded,narrow,pink,tapering,bulbous,smooth,smooth,white,white,partial,white,one,pendant,purple,several,woods,edible
bell,scaly,yellow,yes,almond,free,close,broad,gray,enlarging,club,smooth,smooth,white,white,partial,white,one,pendant,brown,numerous,grasses,edible
convex,fibrous,gray,no,none,free,crowded,broad,brown,tapering,equal,smooth,smooth,white,white,partial,white,one,evanescent,black,scattered,grasses,edible
convex,scaly,yellow,yes,almond,free,close,broad,white,enlarging,rooted,smooth,scaly,white,white,partial,white,one,pendant,brown,scattered,grasses,edible
flat,scaly,brown,yes,anise,free,close,broad,brown,enlarging,rooted,smooth,scaly,white,white,partial,white,one,pendant,black,solitary,grasses,edible
convex,smooth,yellow,yes,almond,free,close,broad,white,enlarging,club,smooth,smooth,white,white,partial,white,one,pendant,black,scattered,meadows,edible
sunken,fibrous,brown,no,none,free,close,narrow,brown,enlarging,equal,smooth,smooth,white,white,partial,white,one,pendant,brown,solitary,urban,edible
convex,smooth,white,yes,almond,free,close,broad,black,enlarging,club,smooth,smooth,white,white,partial,white,one,pendant,black,scattered,meadows,edible
bell,smooth,white,yes,anise,free,close,broad,brown,enlarging,club,smooth,smooth,white,white,partial,white,one,pendant,black,numerous,grasses,edible
sunken,fibrous,brown,no,none,free,close,narrow,black,enlarging,equal,smooth,smooth,white,white,partial,white,one,pendant,black,solitary,urban,edible
bell,scaly,yellow,yes,anise,free,close,broad,brown,enlarging,club,smooth,smooth,white,white,partial,white,one,pendant,brown,numerous,meadows,edible
convex,scaly,yellow,yes,anise,free,close,broad,black,enlarging,club,smooth,smooth,white,white,partial,white,one,pendant,brown,numerous,grasses,edible
bell,scaly,yellow,yes,almond,free,close,broad,black,enlarging,club,smooth,smooth,white,white,partial,white,one,pendant,brown,scattered,grasses,edible
convex,scaly,brown,yes,pungent,free,close,narrow,pink,enlarging,equal,smooth,smooth,white,white,partial,white,one,pendant,black,scattered,urban,poisonuos
convex,smooth,white,no,none,free,crowded,broad,black,tapering,equal,fibrous,smooth,white,white,partial,white,one,evanescent,brown,scattered,grasses,edible
convex,scaly,white,yes,almond,free,close,broad,white,enlarging,club,smooth,smooth,white,white,partial,white,one,pendant,black,scattered,meadows,edible
bell,smooth,white,yes,almond,free,close,broad,gray,enlarging,club,smooth,smooth,white,white,partial,white,one,pendant,brown,numerous,grasses,edible
convex,fibrous,brown,yes,none,free,close,broad,brown,tapering,bulbous,smooth,smooth,gray,white,partial,white,one,pendant,brown,solitary,woods,edible
convex,smooth,brown,yes,pungent,free,close,narrow,white,enlarging,equal,smooth,smooth,white,white,partial,white,one,pendant,brown,scattered,urban,poisonuos
convex,scaly,brown,yes,anise,free,close,broad,white,enlarging,rooted,smooth,scaly,white,white,partial,white,one,pendant,black,solitary,paths,edible
convex,smooth,brown,no,none,free,crowded,broad,brown,tapering,equal,smooth,smooth,white,white,partial,white,one,evanescent,black,abundant,grasses,edible
bell,scaly,yellow,yes,anise,free,close,broad,brown,enlarging,club,smooth,smooth,white,white,partial,white,one,pendant,black,numerous,meadows,edible
convex,smooth,yellow,yes,almond,free,close,broad,white,enlarging,club,smooth,smooth,white,white,partial,white,one,pendant,brown,numerous,meadows,edible
bell,smooth,yellow,yes,almond,free,close,broad,brown,enlarging,club,smooth,smooth,white,white,partial,white,one,pendant,brown,scattered,meadows,edible
convex,smooth,yellow,yes,anise,free,close,broad,gray,enlarging,club,smooth,smooth,white,white,partial,white,one,pendant,black,numerous,meadows,edible
bell,scaly,white,yes,almond,free,close,broad,brown,enlarging,club,smooth,smooth,white,white,partial,white,one,pendant,brown,numerous,grasses,edible
convex,fibrous,gray,no,none,free,close,narrow,black,enlarging,equal,smooth,smooth,white,white,partial,white,one,pendant,brown,several,urban,edible
flat,scaly,brown,yes,almond,free,close,broad,white,enlarging,rooted,smooth,scaly,white,white,partial,white,one,pendant,black,scattered,grasses,edible
convex,fibrous,gray,no,none,free,crowded,broad,chocolate,tapering,equal,fibrous,fibrous,white,white,partial,white,one,evanescent,brown,abundant,grasses,edible
convex,smooth,white,yes,anise,free,close,broad,black,enlarging,club,smooth,smooth,white,white,partial,white,one,pendant,brown,numerous,meadows,edible
convex,scaly,yellow,yes,anise,free,close,broad,white,enlarging,club,smooth,smooth,white,white,partial,white,one,pendant,brown,scattered,meadows,edible
convex,fibrous,gray,no,none,free,close,narrow,brown,enlarging,equal,smooth,smooth,white,white,partial,white,one,pendant,black,several,urban,edible
convex,smooth,brown,yes,pungent,free,close,narrow,pink,enlarging,equal,smooth,smooth,white,white,partial,white,one,pendant,brown,scattered,urban,poisonuos
bell,scaly,white,yes,anise,free,close,broad,white,enlarging,club,smooth,smooth,white,white,partial,white,one,pendant,brown,numerous,grasses,edible
bell,scaly,white,yes,almond,free,close,broad,brown,enlarging,club,smooth,smooth,white,white,partial,white,one,pendant,black,numerous,meadows,edible
convex,scaly,brown,yes,pungent,free,close,narrow,pink,enlarging,equal,smooth,smooth,white,white,partial,white,one,pendant,brown,several,urban,poisonuos
bell,smooth,yellow,yes,anise,free,close,broad,white,enlarging,club,smooth,smooth,white,white,partial,white,one,pendant,brown,scattered,meadows,edible
convex,smooth,white,yes,anise,free,close,broad,black,enlarging,club,smooth,smooth,white,white,partial,white,one,pendant,brown,scattered,meadows,edible
convex,scaly,yellow,yes,anise,free,close,broad,brown,enlarging,club,smooth,smooth,white,white,partial,white,one,pendant,black,scattered,meadows,edible
bell,scaly,yellow,yes,anise,free,close,broad,brown,enlarging,club,smooth,smooth,white,white,partial,white,one,pendant,brown,numerous,grasses,edible
convex,smooth,white,yes,almond,free,close,broad,gray,enlarging,club,smooth,smooth,white,white,partial,white,one,pendant,brown,scattered,meadows,edible
convex,smooth,white,yes,almond,free,close,broad,gray,enlarging,club,smooth,smooth,white,white,partial,white,one,pendant,black,scattered,grasses,edible
convex,scaly,brown,yes,anise,free,close,broad,white,enlarging,rooted,smooth,scaly,white,white,partial,white,one,pendant,brown,solitary,paths,edible
convex,smooth,white,yes,almond,free,close,broad,white,enlarging,club,smooth,smooth,white,white,partial,white,one,pendant,brown,scattered,meadows,edible
convex,smooth,brown,no,none,free,crowded,broad,brown,tapering,equal,fibrous,fibrous,white,white,partial,white,one,evanescent,black,scattered,grasses,edible
convex,scaly,brown,yes,anise,free,close,broad,brown,enlarging,rooted,smooth,scaly,white,white,partial,white,one,pendant,brown,scattered,paths,edible
convex,scaly,yellow,yes,anise,free,close,broad,brown,enlarging,rooted,smooth,scaly,white,white,partial,white,one,pendant,black,solitary,grasses,edible
convex,scaly,brown,yes,pungent,free,close,narrow,black,enlarging,equal,smooth,smooth,white,white,partial,white,one,pendant,black,several,grasses,poisonuos
bell,scaly,yellow,yes,almond,free,close,broad,white,enlarging,club,smooth,smooth,white,white,partial,white,one,pendant,brown,numerous,grasses,edible
convex,fibrous,white,yes,anise,free,crowded,narrow,pink,tapering,bulbous,smooth,smooth,white,white,partial,white,one,pendant,purple,several,woods,edible
convex,smooth,brown,yes,pungent,free,close,narrow,white,enlarging,equal,smooth,smooth,white,white,partial,white,one,pendant,black,scattered,urban,poisonuos
convex,scaly,yellow,yes,anise,free,close,broad,black,enlarging,club,smooth,smooth,white,white,partial,white,one,pendant,black,numerous,grasses,edible
flat,fibrous,gray,no,none,free,crowded,broad,chocolate,tapering,equal,fibrous,fibrous,white,white,partial,white,one,evanescent,brown,abundant,grasses,edible
convex,scaly,white,yes,anise,free,close,broad,brown,enlarging,club,smooth,smooth,white,white,partial,white,one,pendant,black,scattered,grasses,edible
bell,scaly,white,yes,almond,free,close,broad,white,enlarging,club,smooth,smooth,white,white,partial,white,one,pendant,brown,scattered,meadows,edible
convex,scaly,brown,yes,pungent,free,close,narrow,pink,enlarging,equal,smooth,smooth,white,white,partial,white,one,pendant,brown,scattered,urban,poisonuos
flat,scaly,brown,yes,anise,free,close,broad,white,enlarging,rooted,smooth,scaly,white,white,partial,white,one,pendant,black,scattered,grasses,edible
convex,smooth,white,yes,anise,free,close,broad,brown,enlarging,club,smooth,smooth,white,white,partial,white,one,pendant,brown,numerous,meadows,edible
convex,smooth,white,yes,almond,free,crowded,narrow,brown,tapering,bulbous,smooth,smooth,white,white,partial,white,one,pendant,brown,several,woods,edible
flat,scaly,brown,yes,almond,free,close,broad,brown,enlarging,rooted,smooth,scaly,white,white,partial,white,one,pendant,brown,solitary,paths,edible
bell,smooth,white,yes,almond,free,close,broad,black,enlarging,club,smooth,smooth,white,white,partial,white,one,pendant,brown,numerous,meadows,edible
convex,smooth,white,no,none,free,crowded,broad,pink,tapering,equal,fibrous,fibrous,white,white,partial,white,one,evanescent,black,abundant,grasses,edible
flat,fibrous,gray,no,none,free,close,narrow,brown,enlarging,equal,smooth,smooth,white,white,partial,white,one,pendant,brown,several,urban,edible
convex,scaly,white,yes,almond,free,close,broad,gray,enlarging,club,smooth,smooth,white,white,partial,white,one,pendant,brown,scattered,grasses,edible
convex,scaly,yellow,yes,anise,free,close,broad,brown,enlarging,rooted,smooth,scaly,white,white,partial,white,one,pendant,brown,solitary,grasses,edible
bell,smooth,yellow,yes,anise,free,close,broad,gray,enlarging,club,smooth,smooth,white,white,partial,white,one,pendant,brown,scattered,grasses,edible
bell,smooth,yellow,yes,anise,free,close,broad,white,enlarging,club,smooth,smooth,white,white,partial,white,one,pendant,black,scattered,grasses,edible
flat,smooth,white,yes,anise,free,crowded,narrow,brown,tapering,bulbous,smooth,smooth,white,white,partial,white,one,pendant,brown,several,woods,edible
bell,smooth,white,yes,almond,free,close,broad,white,enlarging,club,smooth,smooth,white,white,partial,white,one,pendant,black,numerous,meadows,edible
convex,fibrous,yellow,yes,almond,free,crowded,narrow,brown,tapering,bulbous,smooth,smooth,white,white,partial,white,one,pendant,purple,several,woods,edible
convex,scaly,white,yes,anise,free,close,broad,gray,enlarging,club,smooth,smooth,white,white,partial,white,one,pendant,brown,numerous,meadows,edible
bell,scaly,yellow,yes,anise,free,close,broad,black,enlarging,club,smooth,smooth,white,white,partial,white,one,pendant,brown,numerous,meadows,edible
convex,scaly,brown,yes,almond,free,close,broad,pink,enlarging,rooted,smooth,scaly,white,white,partial,white,one,pendant,brown,solitary,paths,edible
convex,scaly,white,yes,anise,free,close,broad,brown,enlarging,club,smooth,smooth,white,white,partial,white,one,pendant,black,scattered,meadows,edible
convex,scaly,white,yes,anise,free,close,broad,gray,enlarging,club,smooth,smooth,white,white,partial,white,one,pendant,black,scattered,meadows,edible
convex,scaly,yellow,yes,almond,free,close,broad,pink,enlarging,rooted,smooth,scaly,white,white,partial,white,one,pendant,black,solitary,paths,edible
convex,scaly,white,yes,anise,free,close,broad,brown,enlarging,club,smooth,smooth,white,white,partial,white,one,pendant,black,numerous,meadows,edible
convex,smooth,yellow,yes,anise,free,close,broad,white,enlarging,club,smooth,smooth,white,white,partial,white,one,pendant,black,numerous,meadows,edible
convex,scaly,brown,yes,anise,free,close,broad,pink,enlarging,rooted,smooth,scaly,white,white,partial,white,one,pendant,black,scattered,grasses,edible
convex,smooth,white,yes,anise,free,close,broad,brown,enlarging,club,smooth,smooth,white,white,partial,white,one,pendant,brown,numerous,grasses,edible
flat,scaly,brown,yes,anise,free,close,broad,brown,enlarging,rooted,smooth,scaly,white,white,partial,white,one,pendant,black,scattered,grasses,edible
bell,smooth,white,yes,anise,free,close,broad,white,enlarging,club,smooth,smooth,white,white,partial,white,one,pendant,black,scattered,meadows,edible
convex,fibrous,brown,yes,none,free,close,broad,brown,tapering,bulbous,smooth,smooth,gray,pink,partial,white,one,pendant,brown,solitary,woods,edible
convex,scaly,white,yes,anise,free,close,broad,black,enlarging,club,smooth,smooth,white,white,partial,white,one,pendant,brown,scattered,meadows,edible
bell,smooth,white,yes,anise,free,close,broad,gray,enlarging,club,smooth,smooth,white,white,partial,white,one,pendant,black,numerous,grasses,edible
bell,smooth,yellow,yes,anise,free,close,broad,gray,enlarging,club,smooth,smooth,white,white,partial,white,one,pendant,black,numerous,meadows,edible
convex,fibrous,yellow,yes,anise,free,crowded,narrow,pink,tapering,bulbous,smooth,smooth,white,white,partial,white,one,pendant,brown,several,woods,edible
bell,smooth,white,yes,anise,free,close,broad,gray,enlarging,club,smooth,smooth,white,white,partial,white,one,pendant,brown,numerous,meadows,edible
convex,smooth,gray,no,none,free,crowded,broad,chocolate,tapering,equal,smooth,fibrous,white,white,partial,white,one,evanescent,black,abundant,grasses,edible
bell,smooth,white,yes,almond,free,close,broad,black,enlarging,club,smooth,smooth,white,white,partial,white,one,pendant,brown,numerous,grasses,edible
bell,smooth,yellow,yes,anise,free,close,broad,white,enlarging,club,smooth,smooth,white,white,partial,white,one,pendant,black,scattered,meadows,edible
flat,scaly,yellow,yes,almond,free,close,broad,brown,enlarging,rooted,smooth,scaly,white,white,partial,white,one,pendant,black,solitary,paths,edible
flat,scaly,brown,yes,almond,free,close,broad,white,enlarging,rooted,smooth,scaly,white,white,partial,white,one,pendant,brown,solitary,paths,edible
convex,smooth,white,yes,almond,free,close,broad,black,enlarging,club,smooth,smooth,white,white,partial,white,one,pendant,brown,scattered,meadows,edible
flat,scaly,yellow,yes,anise,free,close,broad,brown,enlarging,rooted,smooth,scaly,white,white,partial,white,one,pendant,brown,scattered,grasses,edible
bell,smooth,white,yes,almond,free,close,broad,gray,enlarging,club,smooth,smooth,white,white,partial,white,one,pendant,black,scattered,grasses,edible
convex,scaly,yellow,yes,almond,free,close,broad,white,enlarging,club,smooth,smooth,white,white,partial,white,one,pendant,brown,numerous,meadows,edible
convex,fibrous,brown,no,none,free,close,narrow,black,enlarging,equal,smooth,smooth,white,white,partial,white,one,pendant,black,several,urban,edible
flat,scaly,brown,yes,almond,free,close,broad,pink,enlarging,rooted,smooth,scaly,white,white,partial,white,one,pendant,brown,solitary,grasses,edible
convex,smooth,white,yes,almond,free,close,broad,gray,enlarging,club,smooth,smooth,white,white,partial,white,one,pendant,black,numerous,meadows,edible
convex,smooth,yellow,yes,anise,free,close,broad,gray,enlarging,club,smooth,smooth,white,white,partial,white,one,pendant,black,numerous,grasses,edible
bell,scaly,yellow,yes,anise,free,close,broad,gray,enlarging,club,smooth,smooth,white,white,partial,white,one,pendant,black,numerous,grasses,edible
flat,scaly,yellow,yes,almond,free,close,broad,white,enlarging,rooted,smooth,scaly,white,white,partial,white,one,pendant,brown,scattered,paths,edible
convex,scaly,yellow,yes,anise,free,close,broad,gray,enlarging,club,smooth,smooth,white,white,partial,white,one,pendant,black,numerous,grasses,edible
convex,scaly,white,yes,almond,free,close,broad,white,enlarging,club,smooth,smooth,white,white,partial,white,one,pendant,black,numerous,meadows,edible
flat,fibrous,white,yes,almond,free,crowded,narrow,brown,tapering,bulbous,smooth,smooth,white,white,partial,white,one,pendant,purple,several,woods,edible
sunken,fibrous,gray,no,none,free,close,narrow,black,enlarging,equal,smooth,smooth,white,white,partial,white,one,pendant,black,solitary,urban,edible
flat,smooth,yellow,yes,anise,free,crowded,narrow,brown,tapering,bulbous,smooth,smooth,white,white,partial,white,one,pendant,brown,several,woods,edible
flat,fibrous,gray,no,none,free,close,narrow,black,enlarging,equal,smooth,smooth,white,white,partial,white,one,pendant,black,solitary,urban,edible
convex,fibrous,brown,no,none,free,close,narrow,pink,enlarging,equal,smooth,smooth,white,white,partial,white,one,pendant,brown,solitary,urban,edible
bell,scaly,white,yes,almond,free,close,broad,white,enlarging,club,smooth,smooth,white,white,partial,white,one,pendant,brown,numerous,grasses,edible
convex,smooth,white,yes,almond,free,crowded,narrow,pink,tapering,bulbous,smooth,smooth,white,white,partial,white,one,pendant,brown,several,woods,edible
bell,scaly,yellow,yes,anise,free,close,broad,brown,enlarging,club,smooth,smooth,white,white,partial,white,one,pendant,black,scattered,meadows,edible
bell,scaly,yellow,yes,almond,free,close,broad,black,enlarging,club,smooth,smooth,white,white,partial,white,one,pendant,black,scattered,meadows,edible
bell,scaly,yellow,yes,anise,free,close,broad,gray,enlarging,club,smooth,smooth,white,white,partial,white,one,pendant,black,scattered,grasses,edible
flat,smooth,white,yes,anise,free,crowded,narrow,pink,tapering,bulbous,smooth,smooth,white,white,partial,white,one,pendant,purple,several,woods,edible
flat,fibrous,gray,no,none,free,close,narrow,gray,enlarging,equal,smooth,smooth,white,white,partial,white,one,pendant,black,solitary,urban,edible
flat,smooth,white,yes,almond,free,crowded,narrow,white,tapering,bulbous,smooth,smooth,white,white,partial,white,one,pendant,brown,several,woods,edible
flat,scaly,yellow,yes,almond,free,close,broad,pink,enlarging,rooted,smooth,scaly,white,white,partial,white,one,pendant,black,solitary,grasses,edible
convex,scaly,white,yes,anise,free,close,broad,white,enlarging,club,smooth,smooth,white,white,partial,white,one,pendant,brown,scattered,meadows,edible
sunken,fibrous,brown,no,none,free,close,narrow,pink,enlarging,equal,smooth,smooth,white,white,partial,white,one,pendant,brown,solitary,urban,edible
convex,scaly,brown,yes,anise,free,close,broad,brown,enlarging,rooted,smooth,scaly,white,white,partial,white,one,pendant,black,scattered,paths,edible
convex,scaly,brown,yes,almond,free,close,broad,brown,enlarging,rooted,smooth,scaly,white,white,partial,white,one,pendant,black,scattered,paths,edible
flat,fibrous,yellow,yes,almond,free,crowded,narrow,brown,tapering,bulbous,smooth,smooth,white,white,partial,white,one,pendant,purple,several,woods,edible
flat,smooth,brown,yes,pungent,free,close,narrow,pink,enlarging,equal,smooth,smooth,white,white,partial,white,one,pendant,brown,scattered,grasses,poisonuos
convex,smooth,brown,yes,pungent,free,close,narrow,black,enlarging,equal,smooth,smooth,white,white,partial,white,one,pendant,brown,several,urban,poisonuos
flat,scaly,brown,yes,anise,free,close,broad,white,enlarging,rooted,smooth,scaly,white,white,partial,white,one,pendant,brown,scattered,paths,edible
convex,scaly,yellow,yes,almond,free,close,broad,white,enlarging,rooted,smooth,scaly,white,white,partial,white,one,pendant,black,scattered,grasses,edible
bell,smooth,yellow,yes,almond,free,close,broad,black,enlarging,club,smooth,smooth,white,white,partial,white,one,pendant,brown,numerous,meadows,edible
flat,fibrous,white,no,none,free,crowded,broad,chocolate,tapering,equal,fibrous,smooth,white,white,partial,white,one,evanescent,brown,abundant,grasses,edible
flat,scaly,brown,yes,almond,free,close,broad,pink,enlarging,rooted,smooth,scaly,white,white,partial,white,one,pendant,brown,scattered,grasses,edible
convex,scaly,white,yes,almond,free,close,broad,brown,enlarging,club,smooth,smooth,white,white,partial,white,one,pendant,brown,scattered,grasses,edible
bell,smooth,yellow,yes,anise,free,close,broad,white,enlarging,club,smooth,smooth,white,white,partial,white,one,pendant,black,numerous,meadows,edible